{
    "groq": {
        "latency": [
            0.3858346939086914,
            0.9941065311431885,
            0.5216174125671387,
            1.1221776008605957,
            0.7566401958465576,
            1.2594268321990967,
            0.8056807518005371,
            1.1027941703796387,
            1.1376714706420898,
            1.4306507110595703
        ]
    },
    "azure-openai": {
        "latency": [
            1.8665473461151123,
            11.308355569839478,
            1.538952350616455,
            4.544896125793457,
            2.042973756790161,
            8.652796030044556,
            4.63428807258606,
            3.8855857849121094,
            5.442514419555664,
            5.721689224243164
        ]
    },
    "groq-llama-3.1-8b-instant": {
        "latency": [
            0.3060283660888672,
            0.8776547908782959,
            0.5194764137268066,
            0.5543169975280762,
            0.2639658451080322,
            0.8399050235748291,
            0.41396117210388184,
            0.6499550342559814,
            0.6751251220703125,
            0.3792154788970947
        ]
    },
    "groq-openai/gpt-oss-20b": {
        "latency": [
            0.6853570938110352,
            1.0839853286743164,
            0.3370339870452881,
            0.2772214412689209,
            0.5935981273651123,
            0.7851660251617432,
            0.9023332595825195,
            0.6885349750518799,
            0.5566644668579102,
            0.3149070739746094
        ]
    }
}