{
    "groq": {
        "latency": {
            "average": 0,
            "groups": {
                "6sec": {
                    "average": 0,
                    "all": [
                        0.3494100570678711,
                        0.4686427116394043,
                        0.31029391288757324,
                        0.28337860107421875,
                        0.2790341377258301,
                        0.1972181797027588,
                        0.2547299861907959,
                        0.27701759338378906,
                        0.25649499893188477,
                        0.30374646186828613,
                        0.2470688819885254,
                        0.2615499496459961,
                        0.27126622200012207,
                        0.2566061019897461
                    ]
                }
            }
        },
        "wer": {
            "average": 0,
            "groups": {
                "en": {
                    "average": 0,
                    "all": [
                        0.0,
                        0.0,
                        0.0,
                        0.0,
                        0.0,
                        0.0,
                        0.0,
                        0.0,
                        0.0,
                        0.0,
                        0.0,
                        0.0,
                        0.0,
                        0.0
                    ]
                }
            }
        }
    },
    "google": {
        "latency": {
            "average": 0,
            "groups": {
                "6sec": {
                    "average": 0,
                    "all": [
                        0.8978850841522217,
                        0.8181993961334229,
                        0.7648427486419678,
                        0.7999217510223389,
                        0.7860803604125977,
                        0.7859890460968018,
                        0.9147202968597412,
                        0.8466935157775879,
                        0.8066143989562988,
                        0.767918586730957,
                        0.7899844646453857,
                        0.6813786029815674,
                        0.7119152545928955,
                        0.7345402240753174
                    ]
                }
            }
        },
        "wer": {
            "average": 0,
            "groups": {
                "en": {
                    "average": 0,
                    "all": [
                        0.0,
                        0.0,
                        0.15384615384615385,
                        0.15384615384615385,
                        0.14285714285714285,
                        0.0,
                        0.0,
                        0.0625,
                        0.0,
                        0.0,
                        0.0,
                        0.0,
                        0.15384615384615385,
                        0.15384615384615385
                    ]
                }
            }
        }
    },
    "groq-1": {
        "latency": {
            "average": 0,
            "groups": {
                "6sec": {
                    "average": 0,
                    "all": [
                        0.28102684020996094,
                        0.24614739418029785,
                        0.2140028476715088,
                        0.251446008682251,
                        0.22748970985412598,
                        0.24103450775146484,
                        0.23717164993286133,
                        0.26405787467956543,
                        0.21367096900939941,
                        0.24440670013427734
                    ]
                },
                "15sec": {
                    "average": 0,
                    "all": [
                        0.26591920852661133,
                        0.26558899879455566,
                        0.29827070236206055,
                        0.2671523094177246,
                        0.30135321617126465,
                        0.26199984550476074,
                        0.27858924865722656,
                        0.2585115432739258,
                        0.25701475143432617,
                        0.28109097480773926
                    ]
                },
                "30sec": {
                    "average": 0,
                    "all": [
                        0.4374573230743408,
                        0.34853601455688477,
                        0.48731040954589844,
                        0.3513035774230957,
                        0.3472318649291992,
                        0.3589498996734619,
                        0.2817714214324951,
                        0.33156895637512207,
                        0.3522977828979492,
                        0.3597404956817627
                    ]
                },
                "1min": {
                    "average": 0,
                    "all": [
                        0.42802929878234863,
                        0.4307825565338135,
                        0.47135066986083984,
                        0.445997953414917,
                        0.44411230087280273,
                        0.4615941047668457,
                        0.4467928409576416,
                        0.43290162086486816,
                        0.4942781925201416,
                        0.6306953430175781
                    ]
                }
            }
        },
        "wer": {
            "average": 0,
            "groups": {
                "en": {
                    "average": 0,
                    "all": [
                        0.07142857142857142,
                        0.0,
                        0.3076923076923077,
                        0.07692307692307693,
                        0.14285714285714285,
                        0.06666666666666667,
                        0.14285714285714285,
                        0.0625,
                        0.0,
                        0.0,
                        0.0,
                        0.07142857142857142,
                        0.18518518518518517,
                        0.125,
                        0.06060606060606061,
                        0.03571428571428571,
                        0.14814814814814814,
                        0.2903225806451613,
                        0.1111111111111111,
                        0.16666666666666666,
                        0.078125,
                        0.07017543859649122,
                        0.06153846153846154,
                        0.08928571428571429,
                        0.11290322580645161,
                        0.15517241379310345,
                        0.03333333333333333,
                        0.21311475409836064,
                        0.047619047619047616,
                        0.07936507936507936,
                        0.057692307692307696,
                        0.10891089108910891,
                        0.0660377358490566,
                        0.11538461538461539,
                        0.038834951456310676,
                        0.05,
                        0.17307692307692307,
                        0.14736842105263157,
                        0.046296296296296294,
                        0.1320754716981132
                    ]
                }
            }
        }
    },
    "deepgram": {
        "latency": {
            "average": 0,
            "groups": {
                "6sec": {
                    "average": 0,